{"loss": [0.7183789610862732, 0.7078170379002889, 0.6951590776443481, 0.692184587319692, 0.6893762548764547, 0.6792363524436951, 0.6722795764605204, 0.6799153685569763, 0.6728689670562744, 0.6701988577842712, 0.6498135328292847, 0.6478435397148132, 0.6628507971763611, 0.6487966974576315, 0.6476567586263021, 0.6510632236798605, 0.6482401490211487, 0.6365736524264017, 0.6372061173121134, 0.6208824515342712, 0.631593922773997, 0.6208893060684204, 0.6274712681770325, 0.6116746465365092, 0.6160256266593933, 0.6240925987561544, 0.5999278028806051, 0.6012517809867859, 0.6051403482755026, 0.6125119725863138, 0.5805179278055826, 0.5902983148892721, 0.5776891112327576, 0.5657816529273987, 0.5643798510233561, 0.5790018836657206, 0.5633756319681803, 0.5719737013181051, 0.5628773967425028, 0.5601479411125183, 0.5548020402590433, 0.5467817187309265, 0.5412177443504333, 0.5524532198905945, 0.5338369409243265, 0.5136721432209015, 0.521024227142334, 0.5203403433163961, 0.5227673451105753, 0.49940991401672363, 0.5088430245717367, 0.5081610580285391, 0.4877710243066152, 0.47557050983111065, 0.5025357206662496, 0.5031380454699198, 0.480854868888855, 0.4782168467839559, 0.5242952605088552, 0.4923831323782603, 0.48022936781247455, 0.480434775352478, 0.4523983895778656, 0.48718064030011493, 0.46378528078397113, 0.44373103976249695, 0.42653393745422363, 0.44855255881945294, 0.45698989431063336, 0.4370134969552358, 0.450414498647054, 0.442089984814326, 0.4398154517014821, 0.45911623040835065, 0.44787641366322833, 0.41260727246602374, 0.42308351397514343, 0.4589373866717021, 0.38773514827092487, 0.4134078323841095, 0.4043748676776886, 0.4168732762336731, 0.3957174817721049, 0.4265312949816386, 0.3983508149782817, 0.39649643500645954, 0.4083065489927928, 0.4045943319797516, 0.38221614559491474, 0.3977694610754649, 0.390505184729894, 0.4116032620271047, 0.3906191984812419, 0.3712017436822255, 0.36219339569409686, 0.3994694749514262, 0.3877141575018565, 0.420279194911321, 0.39358784755071, 0.41534217198689777], "accuracy": [0.36, 0.36, 0.41333333333333333, 0.44, 0.4666666666666667, 0.52, 0.5466666666666666, 0.5466666666666666, 0.5466666666666666, 0.5733333333333334, 0.5866666666666667, 0.6266666666666667, 0.6533333333333333, 0.6666666666666666, 0.6666666666666666, 0.6666666666666666, 0.6666666666666666, 0.68, 0.6933333333333334, 0.72, 0.7333333333333333, 0.7466666666666667, 0.7333333333333333, 0.7333333333333333, 0.76, 0.76, 0.76, 0.76, 0.7733333333333333, 0.7866666666666666, 0.7866666666666666, 0.8, 0.8, 0.8133333333333334, 0.8133333333333334, 0.8133333333333334, 0.8133333333333334, 0.8133333333333334, 0.8133333333333334, 0.8133333333333334, 0.8266666666666667, 0.8266666666666667, 0.8133333333333334, 0.8133333333333334, 0.8133333333333334, 0.8133333333333334, 0.8, 0.8, 0.8, 0.8, 0.8, 0.8, 0.8, 0.8, 0.8, 0.8, 0.8, 0.8, 0.8, 0.8133333333333334, 0.8133333333333334, 0.8133333333333334, 0.8133333333333334, 0.8133333333333334, 0.8133333333333334, 0.8133333333333334, 0.8133333333333334, 0.8133333333333334, 0.8133333333333334, 0.8133333333333334, 0.8266666666666667, 0.8266666666666667, 0.8266666666666667, 0.8266666666666667, 0.84, 0.84, 0.84, 0.84, 0.84, 0.84, 0.8533333333333334, 0.8533333333333334, 0.8533333333333334, 0.8666666666666667, 0.8666666666666667, 0.8666666666666667, 0.8666666666666667, 0.8666666666666667, 0.8666666666666667, 0.8666666666666667, 0.8666666666666667, 0.8666666666666667, 0.8666666666666667, 0.8666666666666667, 0.8666666666666667, 0.8666666666666667, 0.8666666666666667, 0.8666666666666667, 0.8666666666666667, 0.8666666666666667]}